subreddit,NO_EDGE_TRIADS,SINGLE_EDGE_TRIADS,INCOMING_TRIADS,OUTGOING_TRIADS,DYADIC_TRIADS,UNIDIRECTIONAL_TRIADS,INCOMING_2TO3_TRIADS,INCOMING_1TO3_TRIADS,DIRECTED_CYCLE_TRIADS,OUTGOING_3TO1_TRIADS,INCOMING_RECIPROCAL_TRIADS,OUTGOING_RECIPROCAL_TRIADS,DIRECTED_CYCLE_1TO3_TRIADS,DIRECIPROCAL_TRIADS,DIRECIPROCAL_2TO3_TRIADS,TRIRECIPROCAL_TRIADS
books,4.334,-6.63,2.51,-0.545,1.05,-2.031,-0.261,0.913,-0.005,0.04,-0.016,-0.042,-0.195,0.504,-0.093,-0.006
AskWomen,4.173,-6.216,2.166,-0.453,0.924,-1.933,-0.218,1.021,-0.003,0.013,-0.042,-0.04,-0.208,0.545,-0.132,-0.005
gifs,3.578,-5.745,2.079,-0.462,1.241,-1.661,-0.219,0.565,-0.001,0.166,-0.044,-0.021,-0.074,0.214,-0.052,-0.003
Music,3.792,-5.803,2.004,-0.526,1.263,-1.908,-0.242,0.734,-0.006,0.179,-0.052,-0.025,-0.104,0.314,-0.088,-0.003
politics,4.014,-6.08,1.981,-0.582,1.141,-1.777,-0.301,0.85,-0.008,0.158,-0.055,-0.042,-0.144,0.345,-0.101,-0.009
CFB,4.099,-6.202,1.939,-0.615,1.469,-2.052,-0.293,0.85,-0.004,0.191,-0.032,-0.039,-0.153,0.378,-0.077,-0.002
hockey,4.079,-5.957,1.806,-0.582,1.152,-1.943,-0.283,1.009,-0.01,0.147,-0.064,-0.052,-0.129,0.359,-0.081,-0.008
ShingekiNoKyojin,3.865,-5.532,1.724,-0.579,0.949,-1.716,-0.291,0.886,-0.008,0.027,-0.067,-0.058,-0.219,0.577,-0.131,-0.021
singapore,4.138,-5.798,1.683,-0.593,0.911,-1.876,-0.263,1.163,-0.006,0,-0.046,-0.079,-0.255,0.651,-0.157,-0.001
nfl,3.937,-5.914,1.624,-0.563,1.299,-1.781,-0.286,0.906,-0.004,0.178,-0.053,-0.043,-0.154,0.352,-0.081,-0.002
SquaredCircle,3.465,-5.256,1.593,-0.58,1.393,-1.803,-0.274,0.675,-0.008,0.239,-0.049,-0.029,-0.101,0.257,-0.068,-0.001
anime,3.587,-4.986,1.557,-0.53,0.745,-1.568,-0.233,0.92,-0.011,-0.041,-0.037,-0.059,-0.255,0.618,-0.158,-0.013
movies,3.6,-5.278,1.428,-0.594,1.344,-1.799,-0.284,0.769,-0.002,0.213,-0.06,-0.051,-0.122,0.342,-0.092,-0.011
MMA,3.706,-5.405,1.411,-0.645,1.299,-1.706,-0.332,0.784,-0.001,0.205,-0.056,-0.046,-0.132,0.31,-0.085,-0.002
pics,3.267,-4.803,1.396,-0.546,1.173,-1.587,-0.265,0.652,-0.007,0.15,-0.058,-0.033,-0.125,0.336,-0.104,-0.002
Random_Acts_Of_Amazon,3.1,-4.042,1.359,-0.347,-0.105,-1.03,-0.166,0.883,-0.006,-0.263,-0.044,-0.036,-0.32,1.029,-0.323,-0.021
aww,3.376,-5.098,1.317,-0.543,1.297,-1.679,-0.272,0.756,-0.005,0.253,-0.029,-0.025,-0.106,0.255,-0.051,0.001
funny,3.126,-4.777,1.308,-0.547,1.415,-1.625,-0.269,0.577,-0.001,0.23,-0.053,-0.032,-0.09,0.239,-0.068,-0.009
soccer,3.764,-5.385,1.273,-0.683,1.513,-1.905,-0.328,0.883,-0.011,0.221,-0.06,-0.057,-0.169,0.353,-0.07,0.002
baseball,3.657,-5.399,1.256,-0.614,1.523,-1.796,-0.283,0.803,-0.006,0.244,-0.059,-0.042,-0.135,0.335,-0.07,-0.002
Games,3.653,-5.288,1.23,-0.669,1.624,-2.043,-0.324,0.848,-0.004,0.263,-0.056,-0.049,-0.138,0.355,-0.064,-0.001
relationships,3.85,-5.584,1.223,-0.557,0.566,-1.158,-0.262,1.086,-0.006,0.187,-0.08,-0.059,-0.164,0.477,-0.125,-0.007
videos,3.443,-5.011,1.215,-0.629,1.438,-1.823,-0.314,0.747,-0.006,0.267,-0.055,-0.035,-0.118,0.291,-0.054,-0.005
IAmA,3.671,-5.61,1.175,-0.607,1.171,-1.048,-0.287,0.608,-0.002,0.238,-0.065,-0.046,-0.138,0.386,-0.079,-0.003
Fitness,3.667,-4.74,1.167,-0.55,0.604,-1.597,-0.239,1.135,-0.004,-0.079,-0.049,-0.064,-0.296,0.779,-0.222,-0.017
The_Donald,3.038,-4.461,1.159,-0.551,1.328,-1.712,-0.278,0.678,-0.008,0.24,-0.046,-0.023,-0.09,0.24,-0.069,-0.004
tifu,3.325,-4.97,1.087,-0.559,1.32,-1.528,-0.268,0.767,-0.006,0.238,-0.042,-0.037,-0.115,0.326,-0.068,-0.004
WTF,3.081,-4.634,1.059,-0.56,1.544,-1.611,-0.253,0.56,-0.002,0.257,-0.043,-0.034,-0.068,0.218,-0.046,-0.001
DotA2,3.254,-4.723,0.947,-0.614,1.575,-1.68,-0.265,0.732,-0.009,0.218,-0.047,-0.036,-0.127,0.345,-0.089,-0.004
MakeupAddiction,3.13,-4.183,0.895,-0.498,0.666,-1.317,-0.235,0.871,-0.01,-0.003,-0.055,-0.046,-0.24,0.711,-0.181,-0.011
science,3.447,-4.888,0.88,-0.68,1.662,-1.881,-0.356,0.804,-0.004,0.213,-0.056,-0.036,-0.17,0.443,-0.084,-0.003
news,3.132,-4.369,0.808,-0.629,1.44,-1.598,-0.326,0.714,-0.008,0.203,-0.089,-0.05,-0.159,0.36,-0.118,-0.014
leagueoflegends,3.027,-4.341,0.755,-0.611,1.434,-1.577,-0.293,0.69,-0.007,0.239,-0.061,-0.044,-0.122,0.368,-0.069,-0.007
MGTOW,2.867,-3.839,0.735,-0.608,1.179,-1.535,-0.306,0.657,-0.003,0.204,-0.068,-0.044,-0.132,0.39,-0.144,-0.006
AskMen,2.862,-3.761,0.722,-0.541,1.038,-1.601,-0.275,0.841,-0.006,0.123,-0.079,-0.058,-0.169,0.433,-0.137,0.001
AskTrumpSupporters,3.043,-3.524,0.662,-0.487,0.275,-1.151,-0.212,1.038,-0.006,-0.194,-0.056,-0.064,-0.355,0.925,-0.323,-0.015
mildlyinfuriating,2.722,-3.803,0.645,-0.584,1.337,-1.427,-0.279,0.571,-0.007,0.213,-0.068,-0.041,-0.112,0.327,-0.087,-0.005
Marvel,2.742,-3.948,0.637,-0.598,1.565,-1.596,-0.292,0.591,-0.008,0.246,-0.059,-0.042,-0.145,0.366,-0.077,-0.008
raisedbynarcissists,2.434,-3.294,0.569,-0.474,0.766,-1.105,-0.242,0.706,-0.006,0.093,-0.055,-0.049,-0.152,0.468,-0.162,-0.008
TheRedPill,2.736,-3.507,0.549,-0.621,1.185,-1.508,-0.278,0.718,-0.006,0.142,-0.058,-0.057,-0.197,0.421,-0.112,-0.001
nba,3.092,-4.177,0.549,-0.654,1.549,-1.684,-0.319,0.769,-0.006,0.245,-0.065,-0.043,-0.144,0.326,-0.105,-0.003
antiMLM,3.174,-4.296,0.499,-0.623,1.416,-1.619,-0.297,0.87,-0.004,0.206,-0.057,-0.051,-0.166,0.425,-0.075,-0.006
technology,2.959,-3.797,0.434,-0.638,1.355,-1.634,-0.326,0.803,-0.006,0.179,-0.085,-0.047,-0.163,0.397,-0.126,-0.011
explainlikeimfive,2.764,-3.662,0.404,-0.626,1.407,-1.633,-0.31,0.831,-0.006,0.152,-0.054,-0.054,-0.167,0.462,-0.117,-0.008
NoFap,2.22,-2.844,0.396,-0.474,0.834,-1.061,-0.214,0.619,-0.002,0.074,-0.078,-0.041,-0.188,0.454,-0.172,-0.005
cringepics,3.015,-4.207,0.369,-0.595,1.413,-1.457,-0.329,0.824,-0.003,0.256,-0.061,-0.037,-0.108,0.305,-0.063,-0.003
Bitcoin,2.414,-2.982,0.359,-0.577,1.093,-1.332,-0.281,0.616,-0.006,0.121,-0.072,-0.053,-0.164,0.426,-0.168,-0.014
photography,2.836,-3.296,0.339,-0.605,0.75,-1.35,-0.289,0.897,-0.003,-0.046,-0.079,-0.051,-0.31,0.853,-0.256,-0.009
atheism,2.643,-3.4,0.337,-0.571,1.151,-1.284,-0.26,0.679,-0.009,0.16,-0.071,-0.06,-0.209,0.511,-0.166,-0.021
harrypotter,2.225,-2.878,0.277,-0.585,1.183,-1.179,-0.304,0.436,-0.011,0.183,-0.081,-0.058,-0.139,0.399,-0.147,-0.014
relationship_advice,1.811,-2.262,0.266,-0.407,0.465,-0.672,-0.194,0.482,-0.003,0.094,-0.101,-0.034,-0.159,0.436,-0.2,-0.022
Frugal,2.662,-3.422,0.259,-0.569,1.329,-1.538,-0.287,0.767,-0.004,0.16,-0.066,-0.025,-0.198,0.477,-0.112,-0.008
TwoXChromosomes,2.42,-2.965,0.25,-0.607,0.957,-1.19,-0.294,0.675,-0.007,0.138,-0.099,-0.067,-0.227,0.517,-0.159,-0.01
trees,2.573,-3.418,0.226,-0.58,1.214,-1.233,-0.287,0.644,-0.004,0.203,-0.073,-0.048,-0.135,0.421,-0.136,-0.009
lgbt,2.209,-2.887,0.2,-0.512,1.088,-1.133,-0.254,0.525,-0.002,0.177,-0.089,-0.046,-0.153,0.468,-0.155,-0.02
philosophy,2.255,-2.779,0.198,-0.595,1.172,-1.263,-0.301,0.573,-0.012,0.126,-0.093,-0.047,-0.227,0.543,-0.189,-0.013
pokemon,2.524,-3.331,0.196,-0.556,1.365,-1.372,-0.295,0.604,-0.002,0.181,-0.068,-0.045,-0.173,0.486,-0.142,-0.01
toronto,2.952,-3.602,0.193,-0.722,1.421,-1.856,-0.38,0.943,-0.008,0.245,-0.072,-0.057,-0.174,0.427,-0.101,-0.006
wow,2.79,-3.656,0.144,-0.673,1.465,-1.549,-0.353,0.764,-0.01,0.284,-0.071,-0.055,-0.136,0.387,-0.089,-0.003
sex,1.941,-2.372,0.13,-0.418,0.705,-0.933,-0.206,0.615,-0.005,0.069,-0.077,-0.038,-0.214,0.548,-0.18,-0.021
lotr,2.573,-3.482,0.119,-0.608,1.44,-1.334,-0.297,0.665,-0.006,0.247,-0.066,-0.072,-0.143,0.41,-0.099,-0.008
Android,2.872,-3.747,0.096,-0.726,1.864,-1.698,-0.367,0.641,-0.005,0.255,-0.075,-0.044,-0.154,0.447,-0.109,-0.004
magicTCG,2.257,-2.92,0.082,-0.481,1.436,-1.451,-0.279,0.649,-0.004,0.146,-0.067,-0.027,-0.17,0.363,-0.088,-0.004
programming,2.651,-3.498,0.067,-0.69,1.773,-1.604,-0.336,0.67,-0.012,0.3,-0.065,-0.045,-0.144,0.373,-0.106,-0.007
worldnews,2.771,-3.345,0.054,-0.792,1.556,-1.654,-0.425,0.733,-0.01,0.201,-0.087,-0.061,-0.169,0.486,-0.144,-0.008
asoiaf,2.091,-2.618,0.035,-0.594,1.351,-1.187,-0.292,0.419,-0.012,0.173,-0.077,-0.061,-0.151,0.431,-0.146,-0.006
canada,2.697,-3.313,0.03,-0.708,1.416,-1.394,-0.374,0.679,-0.004,0.192,-0.107,-0.066,-0.166,0.431,-0.12,-0.011
teenagers,1.276,-1.345,0.029,-0.319,0.361,-0.549,-0.162,0.408,-0.005,-0.04,-0.082,-0.04,-0.187,0.527,-0.242,-0.028
pokemontrades,0.032,-0.032,-0.011,-0.007,0.02,-0.018,-0.003,0.02,0,-0.001,-0.005,-0.002,-0.012,0.064,-0.048,-0.007
Python,2.245,-2.786,-0.013,-0.59,1.212,-1.237,-0.315,0.575,-0.009,0.214,-0.102,-0.05,-0.15,0.469,-0.133,-0.016
buildapc,0.846,-0.986,-0.017,-0.226,0.422,-0.426,-0.109,0.22,-0.002,0.054,-0.059,-0.034,-0.122,0.375,-0.206,-0.02
Guildwars2,2.624,-3.309,-0.022,-0.633,1.385,-1.372,-0.325,0.698,-0.01,0.219,-0.112,-0.057,-0.209,0.528,-0.153,-0.002
australia,2.587,-3.138,-0.028,-0.702,1.509,-1.594,-0.328,0.763,-0.012,0.215,-0.072,-0.058,-0.187,0.463,-0.103,-0.007
MensRights,2.152,-2.477,-0.037,-0.614,0.988,-1.103,-0.338,0.578,-0.003,0.123,-0.114,-0.045,-0.196,0.514,-0.185,-0.01
apple,2.72,-3.354,-0.064,-0.73,1.601,-1.502,-0.361,0.692,-0.007,0.203,-0.072,-0.071,-0.194,0.493,-0.121,-0.013
Conservative,2.371,-2.743,-0.069,-0.694,1.358,-1.468,-0.358,0.649,-0.007,0.169,-0.105,-0.07,-0.188,0.478,-0.124,-0.009
Drugs,2.01,-2.499,-0.074,-0.537,0.988,-0.981,-0.256,0.594,-0.005,0.141,-0.071,-0.074,-0.176,0.536,-0.183,-0.016
business,2.518,-3.183,-0.081,-0.724,1.741,-1.554,-0.369,0.629,-0.004,0.236,-0.088,-0.054,-0.145,0.38,-0.091,-0.005
MaliciousCompliance,2.718,-3.57,-0.105,-0.671,1.639,-1.439,-0.334,0.736,-0.003,0.25,-0.069,-0.058,-0.154,0.41,-0.062,-0.004
unitedkingdom,2.414,-2.849,-0.124,-0.705,1.59,-1.458,-0.322,0.557,-0.008,0.188,-0.066,-0.06,-0.181,0.472,-0.126,-0.014
DebateReligion,1.246,-1.072,-0.126,-0.398,0.423,-0.591,-0.153,0.416,-0.003,-0.017,-0.086,-0.063,-0.268,0.696,-0.351,-0.048
askscience,2.522,-3.215,-0.148,-0.611,1.565,-1.45,-0.284,0.775,-0.008,0.198,-0.065,-0.058,-0.183,0.5,-0.118,-0.001
techsupport,0.346,-0.336,-0.162,-0.136,0.216,-0.148,-0.075,0.124,-0.002,0.04,-0.049,-0.015,-0.061,0.204,-0.133,-0.014
Economics,2.554,-2.933,-0.189,-0.729,1.383,-1.361,-0.347,0.738,-0.004,0.184,-0.083,-0.091,-0.239,0.497,-0.15,-0.01
starcraft,2.603,-3.086,-0.204,-0.769,1.476,-1.351,-0.402,0.626,-0.015,0.247,-0.08,-0.071,-0.187,0.431,-0.117,0.003
Diablo,2.327,-2.747,-0.213,-0.7,1.495,-1.318,-0.345,0.588,-0.012,0.184,-0.063,-0.07,-0.168,0.454,-0.138,-0.01
TrueReddit,2.46,-2.834,-0.234,-0.729,1.412,-1.426,-0.37,0.776,-0.01,0.193,-0.099,-0.065,-0.204,0.497,-0.157,-0.016
guns,2.098,-2.337,-0.235,-0.555,1.015,-1.08,-0.265,0.668,-0.004,0.064,-0.076,-0.069,-0.231,0.605,-0.19,-0.008
conspiracy,1.709,-1.825,-0.236,-0.555,1.097,-1.037,-0.264,0.455,-0.004,0.154,-0.103,-0.066,-0.188,0.438,-0.19,-0.018
AmItheAsshole,1.986,-2.163,-0.24,-0.656,0.799,-0.896,-0.325,0.594,-0.009,0.134,-0.104,-0.086,-0.195,0.574,-0.195,-0.01
POLITIC,0.296,-0.116,-0.259,-0.212,0.232,-0.167,-0.122,0.162,-0.001,0.036,-0.082,-0.03,-0.114,0.304,-0.247,-0.017
2007scape,2.5,-3.065,-0.263,-0.681,1.507,-1.282,-0.347,0.641,-0.006,0.226,-0.085,-0.057,-0.167,0.412,-0.102,-0.008
changemyview,1.135,-0.974,-0.298,-0.359,0.457,-0.556,-0.174,0.432,-0.005,0.009,-0.099,-0.062,-0.236,0.626,-0.333,-0.03
skyrim,1.945,-2.395,-0.337,-0.56,1.417,-1.051,-0.27,0.441,-0.005,0.207,-0.089,-0.065,-0.142,0.407,-0.137,-0.011
electronic_cigarette,1.128,-0.953,-0.345,-0.403,0.498,-0.582,-0.202,0.379,-0.004,0.013,-0.081,-0.063,-0.228,0.62,-0.267,-0.027
socialism,2.082,-2.338,-0.354,-0.625,1.293,-1.198,-0.304,0.584,-0.006,0.172,-0.096,-0.073,-0.18,0.541,-0.196,-0.013
Libertarian,1.866,-1.893,-0.397,-0.696,1.241,-1.106,-0.355,0.519,-0.004,0.139,-0.122,-0.08,-0.201,0.478,-0.207,-0.013
Christianity,1.298,-1.188,-0.403,-0.458,0.764,-0.692,-0.23,0.408,-0.004,0.077,-0.11,-0.063,-0.215,0.54,-0.282,-0.011
Minecraft,2.095,-2.476,-0.46,-0.663,1.474,-1.175,-0.342,0.558,-0.003,0.222,-0.087,-0.058,-0.179,0.473,-0.123,-0.004
CanadaPolitics,2.273,-2.466,-0.574,-0.768,1.465,-1.235,-0.424,0.592,-0.007,0.165,-0.109,-0.081,-0.204,0.627,-0.175,-0.016